Abitibi Belt,Abitibi Belt
Abukuma Mountains,Abukuma Mountains
Aconcagua,Aconcagua
Adak Island,Adak Island
Adamawa,Adamawa
Adelaide,Adelaide Australia
Adelaide Island,Adelaide Island
Adelie Coast,Adelie Coast
Adirondack Mountains,Adirondack Mountains
Adour Basin,Adour Basin
Adrar des Iforas,Adrar des Iforas
Adriatic Sea,Adriatic Sea
Aegean Sea,Aegean Sea
Southern Aegean,Aegean Sea
Afghanistan,Afghanistan
Aichi,Aichi Japan
Akaishi Mountains,Akaishi Mountains
Alabama,Alabama
Aland,Aland
Alaska,Alaska
Alaska Peninsula,Alaska Peninsula
Alaska Range,Alaska Range
Alban Hills,Alban Hills
Albania,Albania
Alberta,Alberta
Alboran Sea,Alboran Sea
Aldan Shield,Aldan Shield
Aleutian Basin,Aleutian Basin
Aleutian Islands,Aleutian Islands
Alexander Archipelago,Alexander Archipelago
Alfold,Alfold
Algarve,Algarve
Algeria,Algeria
Alicante [Comunidad Valencia],Alicante Spain
Allan Hills,Allan Hills
Almeria [Andalucia],Almeria Spain
Alno,Alno
Altai Mountains,Altai Mountains
Altamaha River,Altamaha River
Altun Mountains,Altun Mountains
Amadeus Basin,Amadeus Basin
Amazon Fan,Amazon Fan
Amazon River,Amazon River
Amazon Basin,Amazon River
Amazonas [Brazil],Amazonas Brazil
Ambin Massif,Ambin Massif
Amchitka Island,Amchitka Island
Amite River,Amite River
Amsterdam Island,Amsterdam Island
Amsterdam,Amsterdam Netherlands
Amund Ringnes Island,Amund Ringnes Island
Amur Basin,Amur Basin
Amur River,Amur River
Anabar Shield,Anabar Shield
Anatolia,Anatolia
Andalucia,Andalusia Spain
Andaman Sea,Andaman Sea
Andhra Pradesh,Andhra Pradesh India
Andorra,Andorra
Andrychow,Andrychow
Angara River,Angara River
Angola,Angola
Angola Basin,Angola Basin
Anguilla,Anguilla
Anhui,Anhui China
Antarctic Peninsula,Antarctic Peninsula
Antarctica,Antarctica
Anti-Atlas,Anti-Atlas
Anticosti Island,Anticosti Island
Antigua,Antigua
Anvers Island,Anvers Island
Apalachicola Bay,Apalachicola Bay
Apalachicola River,Apalachicola River
Apennines,Apennines
Appalachians,Appalachians
Apsheron Peninsula,Apsheron Peninsula
Puglia,Apulia Italy
Aquitaine Basin,Aquitaine Basin
Aquitaine,Aquitaine Basin
Arabian Peninsula,Arabian Peninsula
Arabian Sea,Arabian Sea
Arafura Sea,Arafura Sea
Aragon,Aragon Spain
Aral Sea,Aral Sea
Araripe Basin,Araripe Basin
Aravalli Range,Aravalli Range
Arbuckle Mountains,Arbuckle Mountains
Arches National Park,Arches National Park
Arctic National Wildlife Refuge,Arctic National Wildlife Refuge
Arctic Ocean,Arctic Ocean
Argentera Massif,Argentera Massif
Argentina,Argentina
Ariake Bay,Ariake Bay
Arizona,Arizona
Arkansas,Arkansas
Arkansas River,Arkansas River
Armenia,Armenia
Armorican Massif,Armorican Massif
Aruba,Aruba
Ascension Island,Ascension Island
Assam,Assam India
Assiniboine River,Assiniboine River
Asturias,Asturias Spain
Aswan Dam,Aswan Dam
Atacama Desert,Atacama Desert
Atchafalaya Bay,Atchafalaya Bay
Atchafalaya River,Atchafalaya River
Athabasca Basin,Athabasca Basin
Athabasca River,Athabasca River
Athens [Attica],Athens Greece
Atlanta,Atlanta Georgia
Atlantic Ocean,Atlantic Ocean
Attica,Attica
Aubrac,Aubrac
Auckland Islands,Auckland Islands
Auckland,Auckland New Zealand
Australia,Australia
Australian Capital Territory,Australian Capital Territory
Austria,Austria
Auvergne,Auvergne
Avalon Peninsula,Avalon Peninsula
Axel Heiberg Island,Axel Heiberg Island
Azerbaijan,Azerbaijan
Azores,Azores
Sea of Azov,Azov Sea
Baden-Wurttemberg,Baden-Wurttemberg Germany
Badlands National Park,Badlands National Park
Baffin Island,Baffin Island
Bahamas,Bahamas
Bahariya Oasis,Bahariya Oasis
Bahia,Bahia Brazil
Bahrain,Bahrain
Baikal Mountains,Baikal Mountains
Baja California,Baja California
Baja California [(PNN) Mexico],Baja California Mexico
Baja California [(STT) Mexico],Baja California Mexico
Baja California Sur,Baja California Sur Mexico
Bakony Mountains,Bakony Mountains
Balearic Islands,Balearic Islands
Bali,Bali
Balkan Mountains,Balkan Mountains
Balkans,Balkan Peninsula
Baltic Region,Baltic region
Baltic States,Baltic region
Baltic Sea,Baltic Sea
Baltimore,Baltimore Maryland
Banda Sea,Banda Sea
Banff National Park,Banff National Park
Bangka,Bangka
Bangkok,Bangkok Thailand
Bangladesh,Bangladesh
Barataria Bay,Barataria Bay
Barbados,Barbados
Barcelona [Catalonia],Barcelona Spain
Barents Sea,Barents Sea
Barrandian Basin,Barrandian Basin
Barrow,Barrow Alaska
Basilicata,Basilicata Italy
Basin and Range Province,Basin and Range Province
Basque Country,Basque Provinces Spain
Bavaria,Bavaria Germany
Bavarian Alps,Bavarian Alps
Bay of Bengal,Bay of Bengal
Bay of Biscay,Bay of Biscay
Bay of Bourgneuf,Bay of Bourgneuf
Bay of Fundy,Bay of Fundy
Bay of Plenty,Bay of Plenty
Beardmore Glacier,Beardmore Glacier
Beartooth Mountains,Beartooth Mountains
Beas River,Beas River
Beaufort Sea,Beaufort Sea
Beaverlodge,Beaverlodge
Beijing,Beijing China
Beijing [China],Beijing China
Belarus,Belarus
Belcher Islands,Belcher Islands
Belgium,Belgium
Belize,Belize
Belize [Central America],Belize
Bellingshausen Sea,Bellingshausen Sea
Benin,Benin
Benin [West Africa],Benin
Benue Valley,Benue Valley
Bergell Massif,Bergell Massif
Bering Glacier,Bering Glacier
Bering Sea,Bering Sea
Bering Strait,Bering Strait
Berlin,Berlin Germany
Bermuda,Bermuda
Bernese Alps,Bernese Alps
Betic Cordillera,Betic Cordillera
Bhutan,Bhutan
Bialowieza,Bialowieza
Big Bend National Park,Big Bend National Park
Big Pine Key,Big Pine Key
Bighorn Mountains,Bighorn Mountains
Bihar,Bihar India
Bimini,Bimini
Birmingham [England],Birmingham England
Biscayne Bay,Biscayne Bay
Bismarck Archipelago,Bismarck Archipelago
Bismarck Sea,Bismarck Sea
Black Forest,Black Forest
Black Sea,Black Sea
Blake Nose,Blake Nose
Block Island Sound,Block Island Sound
Blue Nile,Blue Nile
Bohai Bay,Bohai Bay
Bohai Sea,Bohai Sea
Bohaiwan Basin,Bohaiwan Basin
Bohemia,Bohemia
Bohemian Basin,Bohemian Basin
Bolinas Lagoon,Bolinas Lagoon
Bolivia,Bolivia
Bonaire,Bonaire
Bonin Islands,Bonin Islands
Boothia Peninsula,Boothia Peninsula
Borah Peak,Borah Peak
Borneo,Borneo
Bornholm,Bornholm
Bosnia and Herzegovina,Bosnia-Herzegovina
Boston Harbor,Boston Harbor
Boston,Boston Massachusetts
Botswana,Botswana
Bou Azzer,Bou Azzer
Bouches-du-Rhone,Bouches-du-Rhone France
Bougainville,Bougainville
Bouvet Island,Bouvet Island
Brahmaputra River,Brahmaputra River
Bransfield Strait,Bransfield Strait
Brazil,Brazil
Brazos River,Brazos River
Breidamerkurjokull,Breidamerkurjokull
Brent Field,Brent Field
Bretagne,Bretagne
Brisbane,Brisbane Australia
Bristol Bay,Bristol Bay
Bristol Channel,Bristol Channel
British Columbia,British Columbia
Brooks Range,Brooks Range
Brussels,Brussels Belgium
Buenos Aires [Argentina],Buenos Aires Argentina
Bulgaria,Bulgaria
Burdekin Delta,Burdekin Delta
Burdekin River,Burdekin River
Burin Peninsula,Burin Peninsula
Burkina Faso,Burkina Faso
Myanmar,Burma
Burundi,Burundi
Buzzards Bay,Buzzards Bay
Byrd Station,Byrd Station
Cabo Ortegal,Cabo Ortegal
Cadiz [Andalucia],Cadiz Spain
Cairngorm Mountains,Cairngorm Mountains
Cairo [Egypt],Cairo Egypt
Calabria,Calabria Italy
Calabrian Arc,Calabrian Arc
Calcutta,Calcutta India
California,California
Calimani Mountains,Calimani Mountains
Cambodia,Cambodia
Cameroon,Cameroon
Campania,Campania Italy
Campania [Italy],Campania Italy
Campbell Plateau,Campbell Plateau
Campos Basin,Campos Basin
Canada,Canada
Canadian River,Canadian River
Canadian Shield,Canadian Shield
Canary Islands,Canary Islands
Las Palmas,Canary Islands
Canning Basin,Canning Basin
Cantabria,Cantabria Spain
Cantabrian Mountains,Cantabrian Mountains
Cantal Massif,Cantal Massif
Canterbury Plains,Canterbury Plains
Canterbury [South Island],Canterbury Plains
Canyonlands National Park,Canyonlands National Park
Cape Basin,Cape Basin
Cape Bojador,Cape Bojador
Cape Breton Island,Cape Breton Island
Cape Canaveral,Cape Canaveral
Cape Cod,Cape Cod
Cape Hatteras,Cape Hatteras
Cape Mendocino,Cape Mendocino
Cape Roberts,Cape Roberts
Cape Town,Cape Town South Africa
Cape York Peninsula,Cape York Peninsula
Caribbean Islands,Caribbean region
Caribbean Sea,Caribbean Sea
Carlin Trend,Carlin Trend
Carlsbad Caverns,Carlsbad Caverns
Carlsberg Ridge,Carlsberg Ridge
Carnarvon Basin,Carnarvon Basin
Carnegie Ridge,Carnegie Ridge
Caroline Islands,Caroline Islands
Carpathians,Carpathians
Carriacou,Carriacou
Carrizo Plain,Carrizo Plain
Carson River,Carson River
Cascade Range,Cascade Range
Caspian Basin,Caspian Basin
Caspian Sea,Caspian Sea
Castilla y Leon,Castilla y Leon Spain
Castilla-La Mancha,Castilla-La Mancha Spain
Catalonia,Catalonia Spain
Caucasus,Caucasus
Cayman Islands,Cayman Islands
Cayuga Lake,Cayuga Lake
Ceara Rise,Ceara Rise
Celebes Sea,Celebes Sea
Celtic Sea,Celtic Sea
Central Africa,Central Africa
Central African Republic,Central African Republic
Central Alps,Central Alps
Central Asia,Central Asia
Central Indian Ridge,Central Indian Ridge
Massif Central,Central Massif
Cephalonia,Cephalonia
Ceuta,Ceuta
Chad,Chad
Channel Islands [California],Channel Islands
Channel Tunnel,Channel Tunnel
Chao Phraya River,Chao Phraya River
Chatham Islands,Chatham Islands
Chatham Rise,Chatham Rise
Chattahoochee River,Chattahoochee River
Cheju [South Korea],Cheju Island
Chernobyl,Chernobyl Ukraine
Chesapeake Bay,Chesapeake Bay
Chiapas,Chiapas Mexico
Chiba,Chiba Japan
Chicago,Chicago Illinois
Chichagof Island,Chichagof Island
Chihuahuan Desert,Chihuahuan Desert
Chile,Chile
China,China
Chingis-Tau,Chingis-Tau
Chios,Chios
Choctawhatchee Bay,Choctawhatchee Bay
Chongqing,Chongqing China
Choptank River,Choptank River
Chubut,Chubut Argentina
Chugach Mountains,Chugach Mountains
Chugoku,Chugoku
Chukchi Peninsula,Chukchi Peninsula
Chukchi,Chukchi Peninsula
Chukchi Sea,Chukchi Sea
Churchill Province,Churchill Province
Cilento,Cilento
Cobequid Highlands,Cobequid Highlands
Coeur d'Alene River,Coeur d'Alene River
Cold Lake,Cold Lake
Colima,Colima
Colombia,Colombia
Colorado,Colorado
Colorado Plateau,Colorado Plateau
Columbia Plateau,Columbia Plateau
Como,Como
Congo,Congo
Democratic Republic Congo,Congo Democratic Republic
Connecticut,Connecticut
Connecticut River,Connecticut River
Connemara,Connemara
Cook Islands,Cook Islands
Cook Strait,Cook Strait
Coos Bay,Coos Bay
Coral Sea,Coral Sea
Cordoba [Argentina],Cordoba Argentina
Cornwall [England],Cornwall England
Cornwallis Island,Cornwallis Island
Coromandel Coast,Coromandel Coast
Coromandel Peninsula,Coromandel Peninsula
Coronado National Forest,Coronado National Forest
Corse,Corsica
Costa Rica,Costa Rica
Cotswold Hills,Cotswold Hills
Cowlitz River,Cowlitz River
Crete,Crete
Crimea,Crimea Ukraine
Croatia,Croatia
Crowsnest Pass,Crowsnest Pass
Crozet Islands,Crozet Islands
Crozon Peninsula,Crozon Peninsula
Cuba,Cuba
Cumbria,Cumbria England
Curacao,Curacao
Cyprus,Cyprus
Cyrenaica,Cyrenaica
Czech Republic,Czech Republic
Czechoslovakia,Czech Republic
Dabie Mountains,Dabie Mountains
Dakhla Oasis,Dakhla Oasis
Danube River,Danube River
Darfur,Darfur
Darien,Darien
Dartmoor,Dartmoor
Davis Mountains,Davis Mountains
Davis Strait,Davis Strait
Dead Sea,Dead Sea
Death Valley National Park,Death Valley National Park
Deception Island,Deception Island
Delaware,Delaware
Delaware Bay,Delaware Bay
Delaware River,Delaware River
Delmarva Peninsula,Delmarva Peninsula
Denali National Park,Denali National Park
Denmark,Denmark
Denmark Strait,Denmark Strait
Derbyshire,Derbyshire England
Detroit River,Detroit River
Devon Island,Devon Island
Devon,Devonshire England
Diego Garcia,Diego Garcia
Dinaric Alps,Dinaric Alps
Dingle Peninsula,Dingle Peninsula
Dinosaur Provincial Park,Dinosaur Provincial Park
Disko Island,Disko Island
District of Columbia,District of Columbia
Washington [District of Columbia],District of Columbia
Djibouti,Djibouti
Dnieper River,Dnieper River
Dnieper-Donets Basin,Dnieper-Donets Basin
Dniester River,Dniester River
Doboy Sound,Doboy Sound
Dogger Bank,Dogger Bank
Dolomites,Dolomites
Dominica,Dominica
Dominican Republic,Dominican Republic
Donana National Park,Donana National Park
Donets Basin,Donets Basin
Door Peninsula,Door Peninsula
Dora Maira Massif,Dora Maira Massif
Dorset [England],Dorset England
Drake Passage,Drake Passage
Dry Tortugas,Dry Tortugas
East Africa,East Africa
East Antarctica,East Antarctica
East China Sea,East China Sea
East Frisian Islands,East Frisian Islands
East Malaysia,East Malaysia
Mediterranean Sea (East),East Mediterranean
East Shetland Basin,East Shetland Basin
East Siberian Sea,East Siberian Sea
Easter Island,Easter Island
Eastern Cape,Eastern Cape Province South Africa
Eastern Desert,Eastern Desert
Ebro River,Ebro River
Ecuador,Ecuador
Edwards Plateau,Edwards Plateau
Egypt,Egypt
Eifel,Eifel
El Berrocal,El Berrocal
El Chichon,El Chichon
El Salvador,El Salvador
El Salvador [Central America],El Salvador
Elbe River,Elbe River
Ellef Ringnes Island,Ellef Ringnes Island
Ellesmere Island,Ellesmere Island
Emba River,Emba River
Emilia-Romagna,Emilia-Romagna Italy
Ems River,Ems River
Emsland,Emsland
Enewetak Atoll,Enewetak Atoll
England,England
English Channel,English Channel
Equatorial Guinea,Equatorial Guinea
Eritrea,Eritrea
Erlian Basin,Erlian Basin
Eromanga Basin,Eromanga Basin
Estonia,Estonia
Ethiopia,Ethiopia
Euboea,Euboea
Euphrates River,Euphrates River
Exuma Sound,Exuma Sound
Eyre Peninsula,Eyre Peninsula
Faroe Islands,Faeroe Islands
Falkland Islands (Malvinas),Falkland Islands
Falkland Plateau,Falkland Plateau
Fanning Island,Fanning Island
Fantale,Fantale
Feather River,Feather River
Federal District [Mexico],Federal District Mexico
Fernandina,Fernandina
Fiji,Fiji
Fildes Peninsula,Fildes Peninsula
Finistere,Finistere France
Finland,Finland
Flathead Lake,Flathead Lake
Flemish Cap,Flemish Cap
Flinders Range,Flinders Range
Florida,Florida
Florida [United States],Florida
Florida Escarpment,Florida Escarpment
Florida Keys,Florida Keys
Four Corners,Four Corners
Foveaux Strait,Foveaux Strait
Fram Strait,Fram Strait
France,France
Franz Josef Land,Franz Josef Land
Free State,Free State South Africa
French Guiana,French Guiana
French Polynesia,French Polynesia
Frobisher Bay,Frobisher Bay
Fuerteventura,Fuerteventura
Fujian,Fujian China
Fukuoka [Kyushu],Fukuoka Japan
Furnas,Furnas
Gabon,Gabon
Galapagos Islands,Galapagos Islands
Galicia,Galicia Spain
Galunggung,Galunggung
Galveston Bay,Galveston Bay
Galveston Island,Galveston Island
Gambia,Gambia
Gansu,Gansu China
Garo Hills,Garo Hills
Garonne River,Garonne River
Gaspe Peninsula,Gaspe Peninsula
Gauteng,Gauteng South Africa
Gaza Strip,Gaza Strip
Georges Bank,Georges Bank
Georgia,Georgia
Georgia (republic),Georgian Republic
German Bight,German Bight
Germany,Germany
Gerona [Catalonia],Gerona Spain
Getchell Mine,Getchell Mine
Gezira,Gezira
Ghana,Ghana
Ghawar Field,Ghawar Field
Gibraltar,Gibraltar
Gila River,Gila River
Gippsland Basin,Gippsland Basin
Gironde Estuary,Gironde Estuary
Glacier Bay National Park,Glacier Bay National Park
Glasgow [Scotland],Glasgow Scotland
Glen Canyon Dam,Glen Canyon Dam
Gobi Desert,Gobi Desert
Godavari River,Godavari River
Gomera,Gomera
Gongga Mountain,Gongga Mountain
Gotland Basin,Gotland Basin
Gotland,Gotland Sweden
Goto Islands,Goto Islands
Gough Island,Gough Island
Grampian Highlands,Grampian Highlands
Granada [Andalucia],Granada Spain
Grand Coulee Dam,Grand Coulee Dam
Grand Staircase-Escalante National Monument,Grand Staircase-Escalante National Monument
Grand Teton National Park,Grand Teton National Park
Graubunden,Graubunden Switzerland
Great Australian Bight,Great Australian Bight
Great Bahama Bank,Great Bahama Bank
Great Barrier Reef,Great Barrier Reef
Great Basin,Great Basin
Great Bear Lake,Great Bear Lake
Great Lakes,Great Lakes
Great Meteor Seamount,Great Meteor Seamount
Great Northern Peninsula,Great Northern Peninsula
Great Plains,Great Plains
Great Salt Lake,Great Salt Lake
Great Slave Lake,Great Slave Lake
Greater Antilles,Greater Antilles
Greece,Greece
Greenland,Greenland
Grenada,Grenada
Grenville Province,Grenville Province
Grimsvotn,Grimsvotn
Guadalquivir River,Guadalquivir River
Guadalupe Island,Guadalupe Island
Guadeloupe,Guadeloupe
Guam,Guam
Guanabara Bay,Guanabara Bay
Guangdong,Guangdong China
Guangxi Zhuangzu,Guangxi China
Guatemala,Guatemala
Guatemala [Central America],Guatemala
Guernsey,Guernsey
Guilin,Guilin
Guinea,Guinea
Guinea-Bissau,Guinea-Bissau
Guizhou,Guizhou China
Gujarat,Gujarat India
Gulf of Aden,Gulf of Aden
Gulf of Alaska,Gulf of Alaska
Gulf of Aqaba,Gulf of Aqaba
Gulf of Bothnia,Gulf of Bothnia
Gulf of California,Gulf of California
Gulf of Carpentaria,Gulf of Carpentaria
Gulf of Corinth,Gulf of Corinth
Gulf of Finland,Gulf of Finland
Gulf of Gabes,Gulf of Gabes
Gulf of Guinea,Gulf of Guinea
Gulf of Lion,Gulf of Lion
Gulf of Maine,Gulf of Maine
Gulf of Mexico,Gulf of Mexico
Gulf of Oman,Gulf of Oman
Gulf of Panama,Gulf of Panama
Gulf of Riga,Gulf of Riga
Gulf of Saint Lawrence,Gulf of Saint Lawrence
Gulf of Suez,Gulf of Suez
Gulf of Tadjoura,Gulf of Tadjoura
Gulf of Tonkin,Gulf of Tonkin
Gullfaks Field,Gullfaks Field
Gurghiu Mountains,Gurghiu Mountains
Guyana,Guyana
Haifa Bay,Haifa Bay
Hainan,Hainan China
Haiti,Haiti
Haleakala,Haleakala
Haltenbanken,Haltenbanken
Hamburg [Germany],Hamburg Germany
Hami Basin,Hami Basin
Hanford,Hanford Site
Hardangervidda,Hardangervidda
Haryana,Haryana India
Harz Mountains,Harz Mountains
Haut Glacier d'Arolla,Haut Glacier d'Arolla
Hawaii [(ISL) Hawaiian Islands],Hawaii
Hawaii [United States],Hawaii
Hawaiian Islands,Hawaii
Heard Island,Heard Island
Hebei,Hebei China
Hebgen Lake,Hebgen Lake
Hebrides,Hebrides
Heilongjiang,Heilongjiang China
Heimaey,Heimaey
Hekla,Hekla
Helgoland,Helgoland
Hellenic Arc,Hellenic Arc
Helsinki,Helsinki Finland
Henan,Henan China
Hengchun Peninsula,Hengchun Peninsula
Henry Mountains,Henry Mountains
Herault,Herault France
Hess Deep,Hess Deep
Hesse,Hesse Germany
Hidaka Mountains,Hidaka Mountains
Hierro,Hierro
Hill Air Force Base,Hill Air Force Base
Himachal Pradesh,Himachal Pradesh India
Himalayas,Himalayas
Hispaniola,Hispaniola
Hohe Tauern,Hohe Tauern
Hokkaido,Hokkaido
Honduras,Honduras
Hong Kong,Hong Kong
Honshu,Honshu
Hornsund,Hornsund
Houston,Houston Texas
Hsinchu,Hsinchu
Hualalai,Hualalai
Huaynaputina,Huaynaputina
Hubei,Hubei China
Hudson Bay,Hudson Bay
Hudson River,Hudson River
Hudson Strait,Hudson Strait
Huelva [Andalucia],Huelva Spain
Humber Estuary,Humber Estuary
Humboldt Range,Humboldt Range
Hunan,Hunan China
Hungary,Hungary
Huon Peninsula,Huon Peninsula
Florida Bay,Hyderabad India
Hydrate Ridge,Hydrate Ridge
Hyogo,Hyogo Japan
Iberian Massif,Iberian Massif
Hyderabad,Iberian Mountains
Iberian Peninsula,Iberian Peninsula
Iceland,Iceland
Idaho,Idaho
Illinois,Illinois
India,India
Indian Ocean,Indian Ocean
Indian Ocean (Tropical),Indian Ocean
Indiana,Indiana
Indigirka River,Indigirka River
Indonesia,Indonesia
Indus Basin,Indus Basin
Indus River,Indus River
Inner Hebrides,Inner Hebrides
Nei Monggol,Inner Mongolia China
Inyo Mountains,Inyo Mountains
Ionian Islands,Ionian Islands
Ionian Sea,Ionian Sea
Iowa,Iowa
Iran,Iran
Iraq,Iraq
Ireland,Ireland
Irish Sea,Irish Sea
Irminger Basin,Irminger Basin
Irtysh River,Irtysh River
Ischia,Ischia
Ise Bay,Ise Bay
Ishikari Bay,Ishikari Bay
Islay,Islay
Isle of Man,Isle of Man
Isle of Sheppey,Isle of Sheppey
Isle Royale National Park,Isle Royale National Park
Isles Dernieres,Isles Dernieres
Israel,Israel
Palestine,Israel
Italy,Italy
Ithaca,Ithaca
Cote d'Ivoire,Ivory Coast
Iwate,Iwate
Izu Peninsula,Izu Peninsula
Jalisco Block,Jalisco Block
Jalisco,Jalisco Mexico
Jamaica,Jamaica
James Bay,James Bay
James Ross Island,James Ross Island
Jameson Land,Jameson Land
Jammu and Kashmir,Jammu and Kashmir
Jan Mayen,Jan Mayen
Japan,Japan
Sea of Japan,Japan Sea
Japan Trench,Japan Trench
Jasper National Park,Jasper National Park
Java,Java
Java Sea,Java Sea
Jerusalem [Israel],Jerusalem Israel
Jiangsu,Jiangsu China
Jiangxi,Jiangxi China
Jilin,Jilin China
Jordan,Jordan
Jornada del Muerto,Jornada del Muerto
Joseph Bonaparte Gulf,Joseph Bonaparte Gulf
Juan de Fuca Strait,Juan de Fuca Strait
Jucar Basin,Jucar Basin
Julian Alps,Julian Alps
Junggar Basin,Junggar Basin
Jura Mountains,Jura Mountains
Jutland,Jutland
Kaapvaal Craton,Kaapvaal Craton
Kabylia,Kabylia
Kafue River,Kafue River
Kagoshima [Kyushu],Kagoshima Japan
Kaikoura,Kaikoura
Kaiparowits Plateau,Kaiparowits Plateau
Kama River,Kama River
Kamchatka Peninsula,Kamchatka Peninsula
Kamchatka,Kamchatka Russian Federation
Kamioka Mine,Kamioka Mine
Kanagawa,Kanagawa Japan
Kaneohe Bay,Kaneohe Bay
Kangaroo Island,Kangaroo Island
Kangerdlugssuaq,Kangerdlugssuaq
Kanin Peninsula,Kanin Peninsula
Kansas,Kansas
Kanto,Kanto
Kara Sea,Kara Sea
Karaginskiy Island,Karaginskiy Island
Karakum,Karakum
Karkonosze Mountains,Karkonosze Mountains
Karnataka,Karnataka India
Karpathos,Karpathos
Kashmir Valley,Kashmir Valley
Katmai,Katmai
Katmai National Park,Katmai National Park
Kattegat,Kattegat
Katzenbuckel,Katzenbuckel
Kauai,Kauai
Kazakhstan,Kazakhstan
Kenai Peninsula,Kenai Peninsula
Kentucky,Kentucky
Kenya,Kenya
Kerala,Kerala India
Kerguelen Islands,Kerguelen Islands
Kerguelen Plateau,Kerguelen Plateau
Kermadec Trench,Kermadec Trench
Kesterson Reservoir,Kesterson Reservoir
Keweenaw Peninsula,Keweenaw Peninsula
Key Largo,Key Largo
Khamar-Daban Range,Khamar-Daban Range
Kiel Bay,Kiel Bay
Kilauea,Kilauea
Kimberley Basin,Kimberley Basin
King George Island,King George Island
Kintyre,Kintyre
Kiribati,Kiribati
Klamath Mountains,Klamath Mountains
Kluane Lake,Kluane Lake
Knipovich Ridge,Knipovich Ridge
Kodiak Island,Kodiak Island
Kohala,Kohala
Kokchetav Massif,Kokchetav Massif
Kola Peninsula,Kola Peninsula
Kolbeinsey Ridge,Kolbeinsey Ridge
Kolyma River,Kolyma River
Komandorski Islands,Komandorski Islands
Kootenay Lake,Kootenay Lake
Kopaonik,Kopaonik
Kordofan,Kordofan
Korea,Korea
Koyna Dam,Koyna Dam
Krafla,Krafla
Kremnica Mountains,Kremnica Mountains
Krishna River,Krishna River
Krishna-Godavari Basin,Krishna-Godavari Basin
Kura River,Kura River
Kuril Islands,Kuril Islands
Kuril Trench,Kuril Trench
Kutei Basin,Kutei Basin
Kuwait,Kuwait
Kuwait [Middle East],Kuwait
Kuznetsk Alatau,Kuznetsk Alatau
Kuznetsk Basin,Kuznetsk Basin
KwaZulu-Natal,KwaZulu-Natal South Africa
Kyrgyzstan,Kyrgyzstan
Kyushu,Kyushu
Kyushu-Palau Ridge,Kyushu-Palau Ridge
La Popa Basin,La Popa Basin
La Venta,La Venta
Laacher See,Laacher See
Labrador,Labrador
Labrador Sea,Labrador Sea
Lac du Bonnet,Lac du Bonnet
Lac du Bouchet,Lac du Bouchet
Lahn River,Lahn River
Lake Albert,Lake Albert
Lake Baikal,Lake Baikal
Lake Balaton,Lake Balaton
Lake Balkhash,Lake Balkhash
Lake Baringo,Lake Baringo
Lake Champlain,Lake Champlain
Lake Constance,Lake Constance
Lake Edward,Lake Edward
Lake Erie,Lake Erie
Lake Eyre,Lake Eyre
Lake Frome,Lake Frome
Lake Geneva,Lake Geneva
Lake Huron,Lake Huron
Lake Jocassee,Lake Jocassee
Lake Kariba,Lake Kariba
Lake Kivu,Lake Kivu
Lake Ladoga,Lake Ladoga
Lake Magadi,Lake Magadi
Lake Malawi,Lake Malawi
Lake Maracaibo,Lake Maracaibo
Lake Mendota,Lake Mendota
Lake Michigan,Lake Michigan
Lake Natron,Lake Natron
Lake Nipissing,Lake Nipissing
Lake of the Woods,Lake of the Woods
Lake Okeechobee,Lake Okeechobee
Lake Onega,Lake Onega
Lake Ontario,Lake Ontario
Lake Peipsi,Lake Peipsi
Lake Pontchartrain,Lake Pontchartrain
Lake Sevan,Lake Sevan
Lake Superior,Lake Superior
Lake Suwa,Lake Suwa
Lake Tahoe,Lake Tahoe
Lake Tanganyika,Lake Tanganyika
Lake Taupo,Lake Taupo
Lake Timiskaming,Lake Timiskaming
Lake Titicaca,Lake Titicaca
Lake Torrens,Lake Torrens
Lake Turkana,Lake Turkana
Lake Vanda,Lake Vanda
Lake Vostok,Lake Vostok
Lake Winnipeg,Lake Winnipeg
Lambert Glacier,Lambert Glacier
Lancaster Sound,Lancaster Sound
Lanzarote,Lanzarote
Laos,Laos
Lapland,Lapland Finland
Laptev Sea,Laptev Sea
Larderello,Larderello
Larsemann Hills,Larsemann Hills
Lascar,Lascar
Lassen Peak,Lassen Peak
Lassen Volcanic National Park,Lassen Volcanic National Park
Lazio,Latium Italy
Latvia,Latvia
Lebanon,Lebanon
Lena River,Lena River
Lepontine Alps,Lepontine Alps
Lesbos,Lesbos
Lesotho,Lesotho
Lesser Antilles,Lesser Antilles
Lesser Sunda Islands,Lesser Sunda Islands
Liaodong Peninsula,Liaodong Peninsula
Liaoning,Liaoning China
Liard River,Liard River
Liberia,Liberia
Libyan Arab Jamahiriya,Libya
Liechtenstein,Liechtenstein
Liguria,Liguria Italy
Ligurian Sea,Ligurian Sea
Lihir Island,Lihir Island
Limousin,Limousin
Limpopo,Limpopo South Africa
Line Islands,Line Islands
Lipari Islands,Lipari Islands
Lisbon,Lisbon Portugal
Lisboa [Portugal],Lisbon Portugal
Lithuania,Lithuania
Little Bahama Bank,Little Bahama Bank
Liverpool Bay,Liverpool Bay
Livingston Island,Livingston Island
Lleyn Peninsula,Lleyn Peninsula
Loess Plateau,Loess Plateau
Logone River,Logone River
Loihi Seamount,Loihi Seamount
Loire River,Loire River
Lombardy,Lombardy Italy
Lonar Crater,Lonar Crater
London Basin,London Basin
London [England],London England
Long Island Sound,Long Island Sound
Long Valley Caldera,Long Valley Caldera
Lord Howe Island,Lord Howe Island
Lord Howe Rise,Lord Howe Rise
Los Angeles,Los Angeles California
Los Humeros,Los Humeros
Lost River Range,Lost River Range
Louisiana,Louisiana
Low Tatra Mountains,Low Tatra Mountains
Lower Austria,Lower Austria
Lower Saxony,Lower Saxony Germany
Loyalty Islands,Loyalty Islands
Lusitanian Basin,Lusitanian Basin
Lutzow-Holm Bay,Lutzow-Holm Bay
Luxembourg,Luxembourg
Luzon,Luzon
Macau,Macau
Macedonia,Macedonia
Central Macedonia,Macedonia
Macquarie Island,Macquarie Island
Madagascar,Madagascar
Madeira,Madeira
Madhya Pradesh,Madhya Pradesh India
Madrid [Spain],Madrid City Spain
Magdalen Islands,Magdalen Islands
Magdalena River,Magdalena River
Mahakam Delta,Mahakam Delta
Maharashtra,Maharashtra India
Maine,Maine
Majorca,Majorca
Makhtesh Ramon,Makhtesh Ramon
Maksyutov Complex,Maksyutov Complex
Malaita,Malaita
Malawi,Malawi
Malaysia,Malaysia
Mali,Mali
Malta,Malta
Mammoth Mountain,Mammoth Mountain
Manchester [England],Manchester England
Mangyshlak Peninsula,Mangyshlak Peninsula
Manhattan,Manhattan
Manicouagan River,Manicouagan River
Manitoba,Manitoba
Manitoulin Island,Manitoulin Island
Manus Basin,Manus Basin
Margarita Island,Margarita Island
Marguerite Bay,Marguerite Bay
Mariana Islands,Mariana Islands
Mariana Trench,Mariana Trench
Mariana Trough,Mariana Trough
Marion Island,Marion Island
Marlborough,Marlborough New Zealand
Marquesas Islands,Marquesas Islands
Marseilles,Marseilles France
Marshall Islands,Marshall Islands
Martha's Vineyard,Martha's Vineyard
Martinique,Martinique
Maryland,Maryland
Masaya,Masaya
Mascarene Islands,Mascarene Islands
Massachusetts,Massachusetts
Massachusetts Bay,Massachusetts Bay
Matagorda Bay,Matagorda Bay
Matanuska Glacier,Matanuska Glacier
Mato Grosso,Mato Grosso Brazil
Matra Mountains,Matra Mountains
Maud Rise,Maud Rise
Maui,Maui
Mauna Kea,Mauna Kea
Mauna Loa,Mauna Loa
Maures Massif,Maures Massif
Mauritania,Mauritania
Mauritius,Mauritius
Maya Mountains,Maya Mountains
Mayaguez Bay,Mayaguez Bay
Mayotte,Mayotte
McMurdo Dry Valleys,McMurdo dry valleys
McMurdo Sound,McMurdo Sound
McMurdo Station,McMurdo Station
Mecsek Mountains,Mecsek Mountains
Mediterranean Region,Mediterranean region
Mediterranean Sea,Mediterranean Sea
Melanesia,Melanesia
Melbourne,Melbourne Australia
Melilla,Melilla
Mendip Hills,Mendip Hills
Mendoza,Mendoza Argentina
Merapi,Merapi
Meteor Crater,Meteor Crater
Meuse River,Meuse River
Mexico,Mexico
Mexico [Mexico (NTN)],Mexico
Mexico [North America],Mexico
Mexico City,Mexico City Mexico
Michigan,Michigan
Michoacan,Michoacan Mexico
Micronesia,Micronesia
Federated States of Micronesia,Micronesia
Mid-Atlantic Ridge,Mid-Atlantic Ridge
Middle Atlantic Bight,Middle Atlantic Bight
Middle Atlas,Middle Atlas
Midwest,Midwest
Millevaches Plateau,Millevaches Plateau
Milos,Milos
Minas Gerais,Minas Gerais Brazil
Mindanao,Mindanao
Mindoro,Mindoro
Minnesota,Minnesota
Mino Belt,Mino Belt
Minorca,Minorca
Minusinsk Basin,Minusinsk Basin
Miramichi Bay,Miramichi Bay
Mississippi,Mississippi
Mississippi Canyon,Mississippi Canyon
Mississippi Fan,Mississippi Fan
Mississippi River,Mississippi River
Mississippi Sound,Mississippi Sound
Missouri,Missouri
Miura Peninsula,Miura Peninsula
Miyagi,Miyagi Japan
Mobile Bay,Mobile Bay
Mohns Ridge,Mohns Ridge
Mojave Desert,Mojave Desert
Moldova,Moldova
Molokai,Molokai
Moluccas,Moluccas
Monaco,Monaco
Mongolia,Mongolia
Mono Lake,Mono Lake
Monomoy Island,Monomoy Island
Mont Blanc,Mont Blanc
Montana,Montana
Monte Capanne,Monte Capanne
Montenegro,Montenegro
Monterey Bay,Monterey Bay
Montreal,Montreal Quebec
Montserrat,Montserrat
Moravia,Moravia
Moray Firth,Moray Firth
Morecambe Bay,Morecambe Bay
Moreton Bay,Moreton Bay
Morocco,Morocco
Morvan,Morvan
Moselle River,Moselle River
Moskva River,Moskva River
Moulouya River,Moulouya River
Mount Agung,Mount Agung
Mount Cameroon,Mount Cameroon
Mount Carmel,Mount Carmel
Etna,Mount Etna
Mount Everest,Mount Everest
Mount Hood,Mount Hood
Mount Isa Inlier,Mount Isa Inlier
Mount Kenya,Mount Kenya
Mount Mazama,Mount Mazama
Mount Meager,Mount Meager
Mount Melbourne,Mount Melbourne
Mount Pelee,Mount Pelee
Mount Pinatubo,Mount Pinatubo
Mount Rainier,Mount Rainier
Mount Rainier National Park,Mount Rainier National Park
Mount Riiser-Larsen,Mount Riiser-Larsen
Mount Saint Helens,Mount Saint Helens
Mount Shasta,Mount Shasta
Mount Spurr,Mount Spurr
Mozambique,Mozambique
Mozambique Channel,Mozambique Channel
Mulhouse Basin,Mulhouse Basin
Mumbai,Mumbai India
Murcia [Spain],Murcia Spain
Murge,Murge
Murrumbidgee River,Murrumbidgee River
Musgrave Ranges,Musgrave Ranges
Nagano,Nagano Japan
Nagasaki [Kyushu],Nagasaki Japan
Namibia,Namibia
Nanga Parbat,Nanga Parbat
Nanling,Nanling
Napoli [Campania],Naples
Nares Strait,Nares Strait
Narragansett Bay,Narragansett Bay
Naxos,Naxos
Nazca Ridge,Nazca Ridge
Nebraska,Nebraska
Nebrodi Mountains,Nebrodi Mountains
Nepal,Nepal
Netherlands,Netherlands
Netherlands Antilles,Netherlands Antilles
Neuquen Basin,Neuquen Basin
Neuse River,Neuse River
Nevada,Nevada
Nevada Test Site,Nevada Test Site
Nevado del Ruiz,Nevado del Ruiz
Nevis,Nevis
New Britain,New Britain
New Brunswick,New Brunswick
New Caledonia,New Caledonia
New Caledonia [Melanesia],New Caledonia
New Delhi,New Delhi India
New England,New England
New England Seamounts,New England Seamounts
New Guinea,New Guinea
New Hampshire,New Hampshire
New Jersey,New Jersey
New Mexico,New Mexico
New Orleans,New Orleans Louisiana
New Siberian Islands,New Siberian Islands
New South Wales,New South Wales Australia
New York [United States],New York
New York Bight,New York Bight
New York [New York (STT)],New York City New York
New Zealand,New Zealand
Newberry Volcano,Newberry Volcano
Newfoundland,Newfoundland
Newfoundland and Labrador,Newfoundland
Niagara Falls,Niagara Falls
Niagara River,Niagara River
Nicaragua,Nicaragua
Nicoya Peninsula,Nicoya Peninsula
Niger,Niger
Niger [West Africa],Niger
Niger Delta,Niger Delta
Niger River,Niger River
Nigeria,Nigeria
Nile Delta,Nile Delta
Nile River,Nile River
Ninetyeast Ridge,Ninetyeast Ridge
Niue,Niue
Nordaustlandet,Nordaustlandet
Norfolk [England],Norfolk England
Norfolk Island,Norfolk Island
Norrbotten,Norrbotten Sweden
North Carolina,North Carolina
North China Plain,North China Plain
North Dakota,North Dakota
North Fiji Basin,North Fiji Basin
North Frisian Islands,North Frisian Islands
North German Basin,North German Basin
North Korea,North Korea
North Pole,North Pole
North Rhine-Westphalia,North Rhine-Westphalia Germany
North Sea,North Sea
Northern Cape,Northern Cape Province South Africa
Northern Ireland,Northern Ireland
Northern Mariana Islands,Northern Mariana Islands
Northern Territory,Northern Territory Australia
Northumberland Strait,Northumberland Strait
Northwest Territories,Northwest Territories
Norton Sound,Norton Sound
Norway,Norway
Norwegian Sea,Norwegian Sea
Greenland Sea,Norwegian Sea
Noto Peninsula,Noto Peninsula
Notre Dame Bay,Notre Dame Bay
Nova Scotia,Nova Scotia
Novaya Zemlya,Novaya Zemlya
Nubian Shield,Nubian Shield
Nueces River,Nueces River
Nullarbor Plain,Nullarbor Plain
Nunavut,Nunavut
Nyiragongo,Nyiragongo
Oahu,Oahu
Oak Ridges Moraine,Oak Ridges Moraine
Ob River,Ob River
Oder River,Oder River
Oga Peninsula,Oga Peninsula
Ohio,Ohio
Ohio River,Ohio River
Okefenokee Swamp,Okefenokee Swamp
Sea of Okhotsk,Okhotsk Sea
Oki Islands,Oki Islands
Oki Ridge,Oki Ridge
Okinawa [Ryukyu Islands],Okinawa
Okinawa Trough,Okinawa Trough
Oklahoma [United States],Oklahoma
Oklahoma Panhandle,Oklahoma Panhandle
Okushiri Island,Okushiri Island
Oland,Oland
Oldoinyo Lengai,Oldoinyo Lengai
Olduvai Gorge,Olduvai Gorge
Olkiluoto,Olkiluoto
Olympic Mountains,Olympic Mountains
Olympic Peninsula,Olympic Peninsula
Oman,Oman
Oneida Lake,Oneida Lake
Onondaga Lake,Onondaga Lake
Onslow Bay,Onslow Bay
Ontake,Ontake
Ontario,Ontario
Ontario [Canada],Ontario
Orange River,Orange River
Orca Basin,Orca Basin
Oregon,Oregon
Oresund,Oresund
Oriente Basin,Oriente Basin
Orinoco River,Orinoco River
Orissa,Orissa India
Oroville Dam,Oroville Dam
Osaka Bay,Osaka Bay
Oseberg Field,Oseberg Field
Oshima Peninsula,Oshima Peninsula
Otago,Otago New Zealand
Otago Peninsula,Otago Peninsula
Ottawa,Ottawa Ontario
Otztal Alps,Otztal Alps
Ouachita Mountains,Ouachita Mountains
Outer Hebrides,Outer Hebrides
Owens Lake,Owens Lake
Owl Creek Mountains,Owl Creek Mountains
Oxfordshire,Oxfordshire England
Pajarito Plateau,Pajarito Plateau
Pakistan,Pakistan
Palau,Palau
Palawan,Palawan
Palos Verdes Peninsula,Palos Verdes Peninsula
Pamlico River,Pamlico River
Pamlico Sound,Pamlico Sound
Pampas,Pampas
Pamunkey River,Pamunkey River
Panama,Panama
Panama [Central America],Panama
Panama Canal Zone,Panama Canal Zone
Pantelleria,Pantelleria
Panxi Rift,Panxi Rift
Papua New Guinea,Papua New Guinea
Para [Brazil],Para Brazil
Paraguana Peninsula,Paraguana Peninsula
Paraguay,Paraguay
Paramushir,Paramushir
Parana,Parana Brazil
Parana River,Parana River
Parana Basin,Parana River
Paria Peninsula,Paria Peninsula
Paricutin,Paricutin
Paris Basin,Paris Basin
Ile-de-France,Paris France
Paris,Paris France
Ville-de-Paris,Paris France
Parkfield,Parkfield California
Passaic River,Passaic River
Patagonia,Patagonia
Pearl Harbor,Pearl Harbor
Pechora Basin,Pechora Basin
Pechora River,Pechora River
Pechora Sea,Pechora Sea
Pecos River,Pecos River
Peloritani Mountains,Peloritani Mountains
Penghu Islands,Penghu Islands
Pennine Alps,Pennine Alps
Pennines,Pennines
Pennsylvania,Pennsylvania
Penobscot Bay,Penobscot Bay
Permian Basin,Permian Basin
Kibale National Park,Pernambuco Brazil
Pernambuco,Pernambuco Brazil
Persian Gulf,Persian Gulf
Peru,Peru
Peru-Chile Trench,Peru-Chile Trench
Petrified Forest National Park,Petrified Forest National Park
Philadelphia,Philadelphia Pennsylvania
Philippines,Philippine Islands
Philippine Sea,Philippine Sea
Phoenix,Phoenix Arizona
Pico de Orizaba,Pico de Orizaba
Piedmont [Italy],Piemonte Italy
Pilbara Block,Pilbara Block
Pinchi Lake,Pinchi Lake
Piton des Neiges,Piton des Neiges
Pittsburgh,Pittsburgh Pennsylvania
Po River,Po River
Point Conception,Point Conception
Point Loma,Point Loma
Point Reyes,Point Reyes
Poland,Poland
Polynesia,Polynesia
Pontevedra [Galicia],Pontevedra Spain
Popocatepetl,Popocatepetl
Porcupine Basin,Porcupine Basin
Portugal,Portugal
Iberian Cordillera,Prague Czech Republic
Primorye,Primorye Russian Federation
Prince Edward Island [Canada],Prince Edward Island
Prince Edward Islands,Prince Edward Island Group
Prince William Sound,Prince William Sound
Principe,Principe
Provence,Provence
Prudhoe Bay,Prudhoe Bay
Prydz Bay,Prydz Bay
Puck Bay,Puck Bay
Puerto Rico,Puerto Rico
Puerto Rico Trench,Puerto Rico Trench
Puget Sound,Puget Sound
Punjab [India],Punjab India
Purcell Mountains,Purcell Mountains
Puu Oo,Puu Oo
Pyrenees,Pyrenees
Qaidam Basin,Qaidam Basin
Qatar,Qatar
Qinghai,Qinghai China
Qiongdongnan Basin,Qiongdongnan Basin
Quebec,Quebec
Quebec [Canada],Quebec
Queen Charlotte Islands,Queen Charlotte Islands
Queen Charlotte Sound,Queen Charlotte Sound
Queensland,Queensland Australia
Queensland Plateau,Queensland Plateau
Questa Mine,Questa Mine
Quintana Roo,Quintana Roo Mexico
Rabaul Caldera,Rabaul Caldera
Rajasthan,Rajasthan India
Rancho La Brea,Rancho La Brea
Raoul Island,Raoul Island
Rappahannock River,Rappahannock River
Raritan Bay,Raritan Bay
Red Sea,Red Sea
Red Sea [Indian Ocean],Red Sea
Redoubt,Redoubt
Redwood National Park,Redwood National Park
Reelfoot Lake,Reelfoot Lake
Reunion,Reunion
Reykjanes Peninsula,Reykjanes Peninsula
Rhenish Schiefergebirge,Rhenish Schiefergebirge
Rhine River,Rhine River
Rhineland,Rhineland
Rhode Island,Rhode Island
Rhodes,Rhodes
Rhodope Mountains,Rhodope Mountains
Rhone-Alpes,Rhone France
Rhone River,Rhone River
Richards Island,Richards Island
Riding Mountain National Park,Riding Mountain National Park
Ries Crater,Ries Crater
Rif,Rif
Rila Mountains,Rila Mountains
Rio de Janeiro [Brazil],Rio de Janeiro Brazil
Rio de la Plata,Rio de la Plata
Rio Grande do Sul,Rio Grande do Sul Brazil
Rio Grande Rift,Rio Grande Rift
Rio Grande Rise,Rio Grande Rise
Rocky Mountain National Park,Rocky Mountain National Park
Rocky Mountains,Rocky Mountains
Rodriguez Island,Rodriguez Island
Rogue River,Rogue River
Romania,Romania
Roma [Lazio],Rome Italy
Rome,Rome Italy
Rondonia,Rondonia Brazil
Ross Island,Ross Island
Ross Sea,Ross Sea
Rotterdam,Rotterdam Netherlands
Rub' al Khali,Rub' al Khali
Russian Far East,Russian Far East
Russian Federation,Russian Federation
Fennoscandia,Russian Fennoscandia
Russian Platform,Russian Platform
Rwanda,Rwanda
Ryukyu Islands,Ryukyu Islands
Saanich Inlet,Saanich Inlet
Saaremaa,Saaremaa
Saar-Nahe Basin,Saar-Nahe Basin
Sabah,Sabah Malaysia
Sable Island,Sable Island
Sagami Bay,Sagami Bay
Sahara,Sahara
Saint Clair River,Saint Clair River
Saint Croix,Saint Croix
Saint Francois Mountains,Saint Francois Mountains
Saint Lawrence Estuary,Saint Lawrence Estuary
Saint Lawrence River,Saint Lawrence River
Saint Petersburg [Russian Federation],Saint Petersburg Russian Federation
Saint Pierre and Miquelon,Saint Pierre and Miquelon
Saint Thomas,Saint Thomas
Saint Vincent Island,Saint Vincent Island
Sainte-Victoire Mountain,Sainte-Victoire Mountain
Saipan,Saipan
Sakhalin,Sakhalin
Salinian Block,Salinian Block
Thessaloniki [Central Macedonia],Salonika Greece
Salt Range,Salt Range
Salton Sea,Salton Sea
Salton Trough,Salton Trough
Samar,Samar
Samoa,Samoa
Samos,Samos
San Clemente Island,San Clemente Island
San Diego,San Diego California
San Francisco Bay,San Francisco Bay
San Francisco,San Francisco California
San Gabriel Mountains,San Gabriel Mountains
San Gorgonio Pass,San Gorgonio Pass
San Jacinto Mountains,San Jacinto Mountains
San Joaquin Valley,San Joaquin Valley
San Juan Mountains,San Juan Mountains
San Marino,San Marino
San Pablo Bay,San Pablo Bay
Sangamon River,Sangamon River
Sanibel Island,Sanibel Island
Santa Catarina,Santa Catarina Brazil
Santa Monica Basin,Santa Monica Basin
Santa Ynez Mountains,Santa Ynez Mountains
Metropolitana,Santiago Chile
Santiago [Metropolitana],Santiago Chile
Santiago de Cuba,Santiago de Cuba
Santorin,Santorin
Sao Francisco Craton,Sao Francisco Craton
Sao Paulo [Brazil],Sao Paulo Brazil
Sapelo Island,Sapelo Island
Sarawak,Sarawak Malaysia
Sardinia,Sardinia Italy
Saskatchewan,Saskatchewan
Saskatchewan River,Saskatchewan River
Saudi Arabia,Saudi Arabia
Savannah River,Savannah River
Sawatch Range,Sawatch Range
Saxony,Saxony
Scandinavia,Scandinavia
Schleswig-Holstein,Schleswig-Holstein Germany
Scotia Sea,Scotia Sea
Scotland,Scotland
Sea of Galilee,Sea of Galilee
Sea of Marmara,Sea of Marmara
Seattle,Seattle Washington
Seine River,Seine River
Selway-Bitterroot Wilderness,Selway-Bitterroot Wilderness
Seneca Lake,Seneca Lake
Senegal,Senegal
Senegal River,Senegal River
Serbia,Serbia
Serbia and Montenegro,Serbia
Sesia Valley,Sesia Valley
Seven Devils Mountains,Seven Devils Mountains
Severnaya Zemlya,Severnaya Zemlya
Seward Peninsula,Seward Peninsula
Seychelles,Seychelles
Shaanxi,Shaanxi China
Shandong,Shandong China
Shandong Peninsula,Shandong Peninsula
Shanghai,Shanghai China
Shanxi,Shanxi China
Shelikof Strait,Shelikof Strait
Shetland,Shetland Islands
Shiga,Shiga Japan
Shikoku,Shikoku
Shizuoka [Chubu],Shizuoka Japan
Shumagin Islands,Shumagin Islands
Siberia,Siberia
Siberian Lowland,Siberian Lowland
Siberian Platform,Siberian Platform
Sichuan,Sichuan China
Sicily,Sicily Italy
Sierra de Gredos,Sierra de Gredos
Sierra de Guadarrama,Sierra de Guadarrama
Sierra de Perija,Sierra de Perija
Sierra Leone,Sierra Leone
Sierra Madre del Sur,Sierra Madre del Sur
Sierra Madre Occidental,Sierra Madre Occidental
Sierra Nevada [California],Sierra Nevada Batholith
Signy Island,Signy Island
Sikhote-Alin Range,Sikhote-Alin Range
Siljan,Siljan
Siljan Ring,Siljan Ring
Sinai,Sinai Egypt
Sind,Sind Pakistan
Singapore,Singapore
Singapore [Southeast Asia],Singapore
Sivash,Sivash
Skagerrak,Skagerrak
Slave Province,Slave Province
Slovakia,Slovakia
Slovenia,Slovenia
Snorre Field,Snorre Field
Snowdonia,Snowdonia
Society Islands,Society Islands
Sokolov Basin,Sokolov Basin
Solomon Sea,Solomon Sea
Somalia,Somali Republic
Somerset Island,Somerset Island
Sonora,Sonora Mexico
Sorbas Basin,Sorbas Basin
South Africa,South Africa
South Australia,South Australia
South Carolina,South Carolina
South China Sea,South China Sea
South Dakota,South Dakota
South Georgia,South Georgia
South Korea,South Korea
South Orkney Islands,South Orkney Islands
South Platte River,South Platte River
South Sandwich Islands,South Sandwich Islands
South Shetland Islands,South Shetland Islands
South Wales,South Wales
Southeast Indian Ridge,Southeast Indian Ridge
Southern Ocean,Southern Ocean
Southland,Southland New Zealand
Southwest Indian Ridge,Southwest Indian Ridge
Spain,Spain
Spencer Gulf,Spencer Gulf
Spitsbergen,Spitsbergen
Sredna Gora,Sredna Gora
Sri Lanka,Sri Lanka
Stanovoy Range,Stanovoy Range
Statfjord Field,Statfjord Field
Steens Mountain,Steens Mountain
Stellwagen Bank National Marine Sanctuary,Stellwagen Bank National Marine Sanctuary
Stevns Klint,Stevns Klint
Stonehenge,Stonehenge
Storegga Slide,Storegga Slide
Strait of Georgia,Strait of Georgia
Strait of Malacca,Strait of Malacca
Strait of Messina,Strait of Messina
Strait of Sicily,Strait of Sicily
Stromboli,Stromboli
Stubai Alps,Stubai Alps
Sudan,Sudan
Sudbury Structure,Sudbury Structure
Sudetes,Sudeten Mountains
Suez Canal,Suez Canal
Sulitjelma,Sulitjelma
Sulu Sea,Sulu Sea
Sumatra,Sumatra
Sunda Arc,Sunda Arc
Sunda Strait,Sunda Strait
Superior Province,Superior Province
Surat Basin,Surat Basin
Suruga Bay,Suruga Bay
Susquehanna River,Susquehanna River
Svalbard,Svalbard
Swansea Bay,Swansea Bay
Swartkrans Cave,Swartkrans Cave
Swaziland,Swaziland
Sweden,Sweden
Swietokrzyskie Mountains,Swiety Krzyz Mountains
Swiss Molasse Basin,Swiss Molasse Basin
Switzerland,Switzerland
Sydney,Sydney Australia
Sylt,Sylt
Syowa Station,Syowa Station
Syrian Arab Republic,Syria
Tahiti,Tahiti
Taihu Lake,Taihu Lake
Taipei,Taipei Taiwan
Taiwan,Taiwan
Taiwan Strait,Taiwan Strait
Tajikistan,Tajikistan
Taklimakan Desert,Taklimakan Desert
Talkeetna Mountains,Talkeetna Mountains
Talysh Mountains,Talysh Mountains
Tambora,Tambora
Tamil Nadu,Tamil Nadu India
Tampa Bay,Tampa Bay
Tanana River,Tanana River
Tanzania,Tanzania
Taranaki Basin,Taranaki Basin
Tarim Basin,Tarim Basin
Tarragona [Catalonia],Tarragona Spain
Tasman Sea,Tasman Sea
Tasmania,Tasmania Australia
Tatar Strait,Tatar Strait
Tatra Mountains,Tatra Mountains
Tauern Tunnel,Tauern Tunnel
Tay Estuary,Tay Estuary
Taymyr Peninsula,Taymyr Peninsula
Tehachapi Mountains,Tehachapi Mountains
Teide,Teide
Tenerife,Tenerife
Tengchong,Tengchong
Tengiz Field,Tengiz Field
Tengiz Lake,Tengiz Lake
Tennessee,Tennessee
Tennessee River,Tennessee River
Terek River,Terek River
Terra Nova Bay,Terra Nova Bay
Texas,Texas
Thailand,Thailand
Central Region [Thailand],Thailand
Thar Desert,Thar Desert
Thetford Mines,Thetford Mines
Thunder Bay,Thunder Bay
Thuringia,Thuringia Germany
Tianjin,Tianjin China
Ticino River,Ticino River
Tien Shan,Tien Shan
Tierra del Fuego [(PRV) Argentina],Tierra del Fuego
Tigris River,Tigris River
Timan Ridge,Timan Ridge
Timor,Timor
Timor Sea,Timor Sea
Tisza River,Tisza River
Tobago,Tobago
Todos Santos Bay,Todos Santos Bay
Togo,Togo
Tohoku,Tohoku
Toiyabe Range,Toiyabe Range
Tokaj-Eperjes Mountains,Tokaj-Eperjes Mountains
Tokyo Bay,Tokyo Bay
Tokyo [Kanto],Tokyo Japan
Tombigbee River,Tombigbee River
Tonga,Tonga
Tonga Trench,Tonga Trench
Tongue of the Ocean,Tongue of the Ocean
Torngat Mountains,Torngat Mountains
Toronto,Toronto Ontario
Torres Strait,Torres Strait
Transbaikalia,Transbaikalia
Trans-Pecos,Trans-Pecos
Transverse Ranges,Transverse Ranges
Trentino-Alto Adige,Trentino-Alto Adige Italy
Trinidad [Trinidad and Tobago],Trinidad
Trinidad and Tobago,Trinidad and Tobago
Tristan da Cunha,Tristan da Cunha
Truckee River,Truckee River
Tsugaru Strait,Tsugaru Strait
Tsushima,Tsushima
Tuktoyaktuk Peninsula,Tuktoyaktuk Peninsula
Tunguska,Tunguska
Tunisia,Tunisia
Turkey,Turkey
Turkmenistan,Turkmenia
Turnagain Arm,Turnagain Arm
Turpan Basin,Turpan Basin
Tuscany,Tuscany Italy
Tuvalu,Tuvalu
Tyrol,Tyrol Austria
Tyrrhenian Basin,Tyrrhenian Basin
Tyrrhenian Sea,Tyrrhenian Sea
Virgin Islands,U. S. Virgin Islands
Virgin Islands (U.S.),U. S. Virgin Islands
Uganda,Uganda
Uinta Mountains,Uinta Mountains
Ukraine,Ukraine
Ukrainian Shield,Ukrainian Shield
Umbria,Umbria Italy
Unalaska Island,Unalaska Island
Ungava Bay,Ungava Bay
United Arab Emirates,United Arab Emirates
United Kingdom,United Kingdom
Unst,Unst
Upper Austria,Upper Austria
Ural River,Ural River
Urals,Urals
Uruguay,Uruguay
USSR,USSR
Ustyurt,Ustyurt
Utah,Utah
Uttar Pradesh,Uttar Pradesh India
Uttaranchal,Uttaranchal India
Uzbekistan,Uzbekistan
Vaal River,Vaal River
Vacuum Field,Vacuum Field
Valais,Valais Switzerland
Comunidad Valencia,Valencia Spain
Valhall Field,Valhall Field
Valley of Ten Thousand Smokes,Valley of Ten Thousand Smokes
Vancouver,Vancouver British Columbia
Vancouver Island,Vancouver Island
Vanua Levu,Vanua Levu
Vanuatu,Vanuatu
Varanger Peninsula,Varanger Peninsula
Vatnajokull,Vatnajokull
Vendsyssel,Vendsyssel
Venezia [Veneto],Veneto Italy
Veneto,Veneto Italy
Venezuela,Venezuela
Venezuelan Basin,Venezuelan Basin
Veracruz,Veracruz Mexico
Vermont,Vermont
Vestfold Hills,Vestfold Hills
Vesuvius,Vesuvius
Victoria [Australia],Victoria Australia
Vienna,Vienna Austria
Viet Nam,Vietnam
Villarrica,Villarrica
Virginia,Virginia
Vistula River,Vistula River
Viti Levu,Viti Levu
Vitim River,Vitim River
Voring Basin,Voring Basin
Voring Plateau,Voring Plateau
Vostok Station,Vostok Station
Vourinos,Vourinos
Vulcano,Vulcano
Vychegda River,Vychegda River
Wabigoon Belt,Wabigoon Belt
Wadden Sea,Wadden Sea
Wadden Zee,Wadden Zee
Wairakei,Wairakei
Wairarapa,Wairarapa
Wales,Wales
Wallowa Mountains,Wallowa Mountains
Walvis Bay,Walvis Bay
Walvis Ridge,Walvis Ridge
Warta River,Warta River
Washington [United States],Washington
Weddell Sea,Weddell Sea
Welland Canal,Welland Canal
Wellington [North Island],Wellington New Zealand
Wernecke Mountains,Wernecke Mountains
Werra River,Werra River
Weser River,Weser River
West Antarctica,West Antarctica
West Bank,West Bank
West Bengal,West Bengal India
West Frisian Islands,West Frisian Islands
West Malaysia,West Malaysia
Mediterranean Sea (West),West Mediterranean
West Virginia,West Virginia
Western Australia,Western Australia
Western Cape,Western Cape Province South Africa
Western Sahara,Western Sahara
White Sea,White Sea
Wichita Mountains,Wichita Mountains
Wicklow Mountains,Wicklow Mountains
Willamette River,Willamette River
Willapa Bay,Willapa Bay
Wind River Indian Reservation,Wind River Indian Reservation
Wind River Range,Wind River Range
Wisconsin,Wisconsin
Wisconsin River,Wisconsin River
Wombat Plateau,Wombat Plateau
Wrangel Island,Wrangel Island
Wrangell Mountains,Wrangell Mountains
Wyoming,Wyoming
Qinling Mountains,Xiaoqinling Mountains
Xinjiang Uygur,Xinjiang China
Xizang,Xizang China
Yakutat Bay,Yakutat Bay
Yamato Basin,Yamato Basin
Yamato Rise,Yamato Rise
Yampa River,Yampa River
Yangtze Delta,Yangtze Delta
Yangtze River,Yangtze River
Three Gorges,Yangtze Three Gorges
Yaquina Bay,Yaquina Bay
Yellow River,Yellow River
Yellow Sea,Yellow Sea
Yellowstone National Park,Yellowstone National Park
Yellowstone River,Yellowstone River
Yemen,Yemen
Yenisei Ridge,Yenisei Ridge
Yenisei River,Yenisei River
Yermak Plateau,Yermak Plateau
Yilgarn Block,Yilgarn
Yinggehai Basin,Yinggehai Basin
Yorke Peninsula,Yorke Peninsula
Yosemite National Park,Yosemite National Park
Yucatan,Yucatan Mexico
Yucatan Peninsula,Yucatan Peninsula
Yucca Flat,Yucca Flat
Yucca Mountain,Yucca Mountain
Yukon River,Yukon River
Yukon Territory,Yukon Territory
Yunnan,Yunnan China
Zabargad Island,Zabargad Island
Zambia,Zambia
Zeeland,Zeeland Netherlands
Zhejiang,Zhejiang China
Zhujiangkou Basin,Zhujiangkou Basin
Zimbabwe,Zimbabwe
Zimbabwe Craton,Zimbabwe Craton
